n,time_ms,makespan
10000,24.6474,251414
20000,58.8324,509246
30000,117.96,752360
40000,208.133,1.01037e+06
50000,345.343,1.26298e+06
60000,445.03,1.53125e+06
70000,625.532,1.76707e+06
80000,813.876,2.0176e+06
90000,973.898,2.2607e+06
100000,1186.04,2.53936e+06
